140,220,7,700,0.112115470099965,12
160,590,7.78,3100,0.330745565836433,12.71
140,540,7.22,4000,0.302326419850021,12.86
160,580,7.44,4900,0.257573810544811,12.85
100,330,7.52,1200,0.131147959909848,12.1
150,650,7.42,3600,0.250156331875501,12.51
110,650,7.7,1700,0.350963469649925,12.15
250,600,8,900,0.124517344863993,12.8
290,640,8,900,0.072548230959553,13.1
250,610,7.02,2100,0.114356440381808,13.3
200,550,7.02,1100,0.261740405944164,12.9
160,220,7.44,2700,0.0560048838255392,12.6
230,500,7.12,1400,0.304964069949531,13.39
240,220,7.66,5000,0.018185003425775,13.7
120,630,7.56,4900,0.441393694736759,12.31
230,580,7.64,4300,0.127959536798118,13.3
110,540,7.58,2500,0.404020364551167,12.5
140,620,7.86,1200,0.270128203029465,12.3
280,390,7.32,800,0.0721082019331037,13.9
270,380,7.42,3900,0.00991737455680896,12.5
210,540,7.06,4400,0.222221318214175,13.31
120,620,7.64,2100,0.378722128484243,12.28
160,390,7.72,2900,0.0795163002982322,12.1
210,240,7.66,3300,0.0353578178292211,13
290,200,7.88,900,0.0282320955535049,13
250,210,7.68,4200,0.0189838631618016,12.8
190,410,7.38,4600,0.0467662955537761,13.9
150,290,7.22,5000,0.0779028481241426,13.2
150,410,7.92,3800,0.622988269886096,13.78
180,400,7.36,4100,0.0508001628053185,13.9
190,410,7.4,1100,0.362707245446666,13.81
270,690,7,2300,0.070032460719007,13.6
100,430,7.52,3500,0.486212666502833,13.18
300,400,7.26,600,0.116564463360488,13.96
190,440,7.1,3900,1.07402258879196,13.76
250,590,7.2,1000,0.128561891396724,12.93
250,330,7.52,1800,0.033377075043425,12.1
120,370,7.4,3700,0.157677176033543,13.88
130,620,7.7,2300,0.434256080903303,12.38
270,360,7.7,4000,0.0118038029131641,12.4
280,540,7.5,4000,0.0523240484706366,13.7
260,610,7.8,2100,0.0679406382296821,13.4
220,270,7.88,3900,0.044209298178951,13.4
300,680,7.06,2700,0.0587437202492552,13.6
120,460,7.54,3100,0.800070393146884,13.09
110,460,7.46,4500,0.607057329813498,13.06
130,540,7.1,2900,0.570003870463816,12.71
290,370,7.96,900,0.0404449774991254,13.9
120,350,7.96,800,0.112990686817909,12
150,700,7.24,4400,0.20464183560982,12.32
260,250,7.14,4500,0.0207484373210056,12.8
180,570,7.9,500,0.142914310690953,12
300,270,7.2,3000,0.0213192161302248,12.2
240,310,7.1,4300,0.0302175068565799,12.7
220,240,7.54,1100,0.0563567858745703,12.8
150,500,7.24,2600,0.54164844458876,13.06
140,330,7.14,700,0.123543117342063,12
200,310,7.4,4800,0.0440735152176222,12.9
290,500,7.12,2400,0.161442975244875,13.93
180,650,7.32,2200,0.249123406469959,12.63
150,230,7.68,3100,0.105897462706734,13.8
250,660,7.12,1000,0.0840442213619988,12.6
180,400,7.12,4100,0.0711318582175816,13.9
250,390,7.22,3400,0.0175742597951135,12
250,520,7.76,2400,0.179804647276013,13.48
120,680,7.54,1100,0.207967745615926,12
200,670,7.2,2300,0.151771026405746,12.66
270,450,7.64,2100,0.0883637179416294,13.9
270,660,7.74,1300,0.0765725264864835,13.3
290,480,7.66,3800,0.0298367614476955,13.9
190,590,7.08,3800,0.18887411914798,12.82
220,700,7.1,4300,0.0433570057876991,13
250,380,7.84,600,0.101135520001153,13.9
210,310,7.12,3700,0.0557486966666703,12.8
120,590,7.34,5000,0.333775535044313,12.4
140,410,7.78,3700,0.3812093562909,13.75
270,440,7.56,3600,0.0125039546695423,13.7
110,380,7.36,2100,0.143409296827632,13.93
100,510,7.9,1100,0.216574949026881,12.44
210,560,7.14,4700,0.246098571814439,13.19
210,330,7.58,4800,0.0284130796447815,12.5
150,380,7.36,1600,0.146157112746488,13.79
220,650,7.18,800,0.150801517583481,12.4
190,610,7.56,1600,0.245042699211737,12.74
270,270,7.18,4600,0.0186917738621465,12.6
200,570,7.78,800,0.199050462715289,12.62
120,440,7.16,2700,0.568043641282814,13.21
130,480,7.6,1100,0.279599086138431,12.8
100,290,7.3,3900,0.162571663224925,13.11
290,490,7.58,1100,0.170740215369663,13.68
180,390,7.16,1600,0.230692412712654,13.99
150,230,7.74,2100,0.118972970094013,13.89
110,420,7.74,1600,0.290352929786789,13.32
120,260,7.44,1900,0.1425855205722,13.49
300,360,7.76,2700,0.00699078107230146,13.8
200,530,7.8,2000,0.400714430154402,13.15
240,400,7.48,1400,0.0433199793527685,13.9
220,500,7.4,4500,0.192631340386051,13.59
300,370,7.66,3400,0.00613869218983001,12.2
160,320,7.84,2000,0.111032889970566,12.59
160,470,7.84,2200,0.763548338411696,13.27
100,400,7.88,2200,0.233770138613305,13.46
270,240,7.18,900,0.0377869844776406,12.5
270,660,7.54,4600,0.0443328010922627,13.5
230,520,7.92,4000,0.190410091326177,13.41
250,290,7.7,1000,0.0490430648133645,12.5
290,670,7.28,500,0.0982469029329297,12.3
270,630,7.9,1800,0.0636504233792544,13.2
190,330,7.8,4500,0.0660203360798742,12.4
280,380,7.6,4700,0.0103216951178829,12.2
210,370,7.04,4500,0.019932486126988,12.7
160,550,7.78,4800,0.383461192933632,12.87
220,330,7.18,4100,0.0369549493755105,12.4
140,580,7.86,900,0.21749072655304,12.35
290,230,7.54,500,0.0817819062099531,12.1
250,290,7.24,2400,0.0252133460560107,13.2
260,280,7.12,4800,0.0239812220047788,12.6
170,290,7.76,3200,0.105178867067431,13.3
140,500,7.42,4800,0.733347044811065,12.99
280,260,7.46,2400,0.0173425441464644,12.9
250,360,7.68,3200,0.0244273385565498,12
180,350,7.74,3000,0.0593436033653323,12.2
100,480,7.28,1300,0.292759394343181,12.66
120,630,7.16,2900,0.485107470154849,12.31
280,600,7.8,3900,0.053015667295205,13.4
210,660,7.58,1000,0.156553482746554,12.4
210,540,7.66,4700,0.0934173054624677,13.1
230,440,7.06,1900,0.655692777961795,13.89
110,460,7.38,4600,0.410896440287448,13.07
110,510,7.22,2100,0.604790285195437,12.65
190,450,7.1,800,0.207986102430321,13.29
120,330,7.1,2700,0.139258654114957,13.01
290,550,7.54,4200,0.0646188191610515,13.8
180,260,7.7,700,0.104853049162111,12.2
220,260,7.56,2900,0.0439673942974006,13.4
260,210,7.18,4700,0.0163440786914624,13.2
180,210,7.54,3700,0.0496016413561586,13.4
210,650,7.64,4200,0.0708801421943944,12.9
210,470,7.1,2400,0.6162033854554,13.6
200,520,7.8,3500,0.248370435979295,13.36
170,230,7.72,4700,0.0526318697030946,13.4
110,430,7.18,1300,0.22163468332004,13.2
110,370,7.72,3300,0.155056658138592,12.11
290,680,7.12,3900,0.0551613124211449,13.7
290,700,7.88,1700,0.0799523490094899,13.3
260,530,7.06,5000,0.116293298391676,13.69
180,200,7.46,3400,0.0644438532680684,13.8
270,360,7,4600,0.0102605093642321,13.9
170,570,7.86,3600,0.210347584752368,12.98
120,650,7.94,1700,0.314774945484362,12.13
260,470,7.56,2300,0.236999597562079,13.92
160,430,7.22,2400,0.781306126115422,13.6
290,390,7.8,2500,0.00981896222688971,13.9
130,520,7.68,4200,0.400451161559047,12.86
200,200,7.72,2000,0.0483291458129017,13.3
300,350,7.76,4400,0.00743860029873123,12.3
250,270,7.22,4000,0.0242367465904399,13.3
160,450,7.86,2300,0.758806452824076,13.43
160,700,7.24,3800,0.172347875885649,12.47
120,240,7.48,1700,0.11959569322528,12.69
140,500,7.06,1900,0.581405445440984,12.92
250,220,7.4,4100,0.0200571096154967,13.7
110,510,7.88,3900,0.45450551351773,12.71
270,510,7,500,0.117668357302349,12.8
100,200,7.32,2000,0.111671570352887,13.9
110,410,7.38,3500,0.312161705196664,13.39
240,700,7.54,1400,0.0859580303823404,13.2
190,430,7.84,1500,0.583772845719026,13.71
100,620,7.46,700,0.0715660957273475,12
230,620,7.9,2700,0.116096403604556,12.89
220,510,7.76,3000,0.278224901146323,13.5
210,230,7.98,1400,0.0589955632458923,13.4
110,350,7.98,1100,0.109186364864013,12.2
290,600,7.74,2100,0.116207365456121,13.6
250,530,7.1,3200,0.150428916066302,13.58
210,330,7.2,1300,0.0634210085796325,12.6
270,450,7.32,3500,0.0203882436548562,13.9
110,320,7.12,1000,0.119684159436385,12
260,410,7.54,1400,0.0309052138453393,13.9
170,570,7.28,4200,0.505819219165812,12.87
160,650,7.94,2000,0.33287237766723,12.49
130,210,7.1,2200,0.0971103887643203,13.9
190,450,7.02,4300,0.408796327093069,13.72
120,220,7.78,2100,0.11979149897292,13.6
150,360,7.08,1100,0.111412870936738,12.1
190,460,7.22,1500,0.525266415602253,13.45
230,500,7.94,1200,0.246549865620275,13.3
190,300,7.74,4200,0.0481084431258995,13.1
200,510,8,3600,0.372118614389174,13.35
140,430,7.5,500,0.0636366306818503,12
200,530,7.66,3000,0.230968661091295,13.23
300,620,7.98,2100,0.0779368078654932,13.6
110,390,7.08,1900,0.243756196478004,13.57
170,660,7.78,900,0.20668726798141,12.2
200,230,7.46,4300,0.0614571042929348,13.4
220,300,7.44,2100,0.044903173822846,12.9
290,640,7.42,800,0.0737925824441183,13.1
280,530,7.44,600,0.117926925378862,12.89
300,340,7.14,3500,0.00838981835908864,12.3
100,690,7.7,1600,0.246799491199122,12
120,700,7.64,2100,0.271676746425332,12.12
180,620,7.24,4400,0.258133569390906,12.78
110,500,7.24,2600,0.646594199512036,12.71
150,430,7.18,1300,0.426841362774361,13.43
110,400,7.88,2200,0.310645684491222,13.53
100,390,7.08,1900,0.144996628651192,13.69
160,700,7.24,2000,0.2402046344026,12.29
200,530,7.8,3800,0.382728804427463,13.22
160,650,7.8,2000,0.295170167483362,12.47
200,530,7.94,2400,0.344890046522188,13.22
140,620,7.06,1200,0.30256090651216,12.26
210,540,7.86,4400,0.244589865928936,13.25
160,580,7.86,4900,0.509463609022456,12.8
140,580,7.44,900,0.220940401419639,12.31
120,520,7.68,4200,0.560179496030675,12.71
130,650,7.94,1700,0.346266246198142,12.29
110,570,7.22,2100,0.399183137690091,12.44
170,510,7.28,4200,0.35290367774787,13.18
100,500,7.4,4500,0.773009018466377,12.69
220,430,7.52,3500,0.0399726045201469,13.9
220,450,7.4,4500,0.414633204525603,13.88
160,500,7.86,2300,0.68984782099566,13.09
190,570,7.86,4320,0.204614624061548,13.1
170,410,7.4,1100,0.337499497829332,13.7
140,620,8,1200,0.303084992842475,12.26
200,510,7.86,3600,0.487335975748464,13.35
110,420,7.74,3600,0.473754210258277,13.29
200,510,8,1600,0.375857796018618,13.17
160,590,7.78,2200,0.384295363954908,12.65
160,470,7.84,3100,0.79428264073346,13.32
110,430,7.88,3900,0.435623926587994,13.29
110,510,7.18,1300,0.338555092271822,12.56
250,590,7.08,3800,0.0610379916010845,13.3
190,520,7.76,2400,0.540468108039042,13.17
200,570,7.86,3600,0.204069844604332,13.14
130.769230769231,530,7.8,2000,0.482653327861208,12.73
160,700,5.46153846153846,3800,0.162522674866863,12.4
190,450,5.56923076923077,800,0.206640778810632,13.29
100,390,7.7,1600,0.127114142542741,13.59
180,690,5.50769230769231,1600,0.183276612456355,12.52
100,510,7.9,3100,0.453562288898628,12.62
160,590,7.78,1100,0.261996563244851,12.51
190,580,7.08,3800,0.306128337610414,12.97
140,590,7.86,900,0.209527728408725,12.33
200,550,7.24,1100,0.261155311713201,12.87
160,700,7.02,3800,0.221917501955884,12.5
100,470,7.84,2200,0.426615961949433,12.8
160,480,7.28,1300,0.407715177083792,13.07
220,410,7.4,4500,0.0149224073200251,13.5
110,500,7.38,3500,0.700591987802592,12.75
110,510,7.08,3900,0.494648937580161,12.74
190,590,7.88,3800,0.224529478976657,12.94
140,450,7.1,800,0.152721823997432,13.05
190,580,7.86,900,0.207976797711684,12.6
150,470,7.56,2300,0.728051304454733,13.22
260,500,7.24,2600,0.261587956342321,13.7
110,550,7.02,1100,0.249020948834577,12.33
200,540,7.58,2500,0.259985646073072,13.2
120,400,7.16,2700,0.45861055350743,13.62
100,440,7.88,2200,0.384897308652652,13.07
228,450,7.08,3800,0.582943547296098,13.92
190,590,7.1,800,0.199816646216447,12.48
110,540,7.58,1200,0.281433448184471,12.37
230,500,7.94,2500,0.227315366382493,13.57
160,590,7.22,3100,0.30601199408779,12.71
140,540,7.78,4000,0.31352374648502,12.86
160,700,7.24,1200,0.206131853738402,12.2
140,620,7.86,3800,0.501084344531979,12.52
230,500,7.12,900,0.205496965894657,13.14
140,580,7.86,1400,0.329533507705725,12.5
210,470,7.8,2400,0.661076806296624,13.6
200,520,7.1,3500,0.333552341483301,13.21
130,480,8.664,1100,0.282879040681843,12.8
140,540,7.6,4000,0.484629952945786,12.83
130,500,7.12,2400,0.589063856462382,12.86
290,540,7.1,2900,0.0725259521893504,13.9
110,390,7.68,1900,0.225416113743249,13.69
130,520,7.08,4200,0.531834316781237,12.8
156,620,7.7,4200,0.358872799191559,12.59
130,520,7.68,2760,0.457239978904518,12.82
270,310,7.82,2000,0.0223420023596533,12.3
220,630,7.56,1200,0.154686684739306,12.69
180,590,7.96,4300,0.220552447893453,12.87
270,380,7.34,1300,0.0225693062330805,13.8
140,670,7.58,2800,0.300914028774992,12.37
260,330,7.14,2000,0.0314326235779642,12.3
100,340,7.64,3600,0.108065427734201,13.1
160,330,7.28,3100,0.109722792363675,12.81
250,630,7.1,3900,0.0509054193472919,13.5
230,440,7.86,2500,0.669914285439961,13.93
140,330,7.78,1500,0.116202930497795,12.3
180,420,7.9,4400,0.585467026988637,13.91
140,480,7.34,1900,0.558729715603614,13
260,680,7.96,5000,0.048799486520856,13.4
260,310,7.74,3900,0.0193141380369035,12.9
290,250,7.1,2700,0.0163110587293933,12.5
120,580,7.42,2700,0.643081080842535,12.46
110,290,7.38,3800,0.13120829223986,13.31
150,600,7.04,4600,0.425525428502992,12.61
110,630,7.26,4700,0.292696097811248,12.24
260,500,7.12,4600,0.0930047372599901,13.7
120,230,7.98,3200,0.106738019049887,12.99
120,620,7.36,2300,0.513734082601498,12.31
250,480,7.24,2400,0.240264053091669,13.69
230,570,7.3,4800,0.111546338350193,13.3
180,490,7.7,1900,0.489955876385045,13.26
250,680,7.66,4600,0.0715725264403101,13.5
210,610,7.56,4400,0.130106449762138,12.99
130,430,7.46,1800,0.449421771568544,13.36
270,570,7.1,4400,0.0641794460127511,13.7
240,700,7.18,2200,0.0821320145795228,13.3
260,360,7.04,4800,0.0117692977969402,12.3
280,200,7.72,4700,0.0118603842826643,13.2
160,600,7.54,3000,0.371920851210126,12.69
250,450,7.88,1300,0.366125570728974,13.81
230,690,7.22,3300,0.0511268077960779,13.3
290,340,7.46,1700,0.0151368878415034,12.3
190,420,7.54,1600,0.65560151972663,13.82
260,410,7.1,4300,0.00773782518305902,13.6
230,530,7.06,5000,0.170647439055748,13.43
150,530,7.04,4600,0.324354135252656,12.96
130.769230769231,600,7.8,2000,0.495066544862045,12.45
220,480,7.4,4500,0.196505872064338,13.7
140,450,7.34,1900,0.603140405634989,13.27
110,420,7.34,3600,0.435077649898986,13.38
140,480,7.74,1900,0.61522228754232,13.02
120,480,7.16,2700,0.698058893613518,12.94
160,440,7.28,1300,0.434947049928722,13.38
150,410,7.92,2300,0.625113384631419,13.74
150,470,7.56,3800,0.658623828737437,13.28
110,570,7.58,2500,0.481198045200688,12.43
110,540,7.22,2100,0.579860753197292,12.5
130,540,7.06,2900,0.532767767799912,12.72
230,528,7.1,1900,0.284619903347154,13.29
160,550,7.74,4800,0.502284842965408,12.91
110,420,7.78,3600,0.44936276307325,13.4
190,600,7.54,1600,0.257891662175602,12.78
150,420,7.04,4600,0.788082665156119,13.7
120,630,7.16,2700,0.469372516649345,12.3
120,400,7.16,2900,0.483839613008195,13.63
200,530,8,2000,0.364779432693824,13.16
153.846153846154,510,7.8,3600,0.629592880390139,13.01
110,650,7.74,3600,0.149671667869827,12.2
130,420,7.94,1700,0.43283097970089,13.46
230,440,7.12,1900,0.702596934965297,13.89
130,500,7.06,2400,0.575620828087176,12.9
140,540,7.6,1700,0.468770268648417,12.7
130,650,7.94,4000,0.295405696117493,12.4
160,510,7.86,3600,0.54708878209046,13.11
200,590,7.78,2200,0.253080251216552,12.97
156,620,7.7,2400,0.417524505381687,12.54
210,470,7.1,4200,0.608449777140787,13.66
100,500,7.38,3500,0.663916347193945,12.68
110,440,7.88,2200,0.50836127980777,13.13
130.769230769231,600,7.54,3000,0.349346390483177,12.5
160,530,7.8,2000,0.501977546644564,12.92
210,470,7.28,2400,0.657333274002765,13.61
160,480,5.46153846153846,1300,0.399008457003395,13.1
110,460,7.38,3800,0.438490715880034,13.06
228,450,7.08,4600,0.551413261320587,13.93
130,460,7.46,1800,0.593059372531584,13.09
120,430,7.54,3100,0.697378378476278,13.31
110,430,7.84,1500,0.324148755824333,13.11
190,510,7.08,3900,0.424077933731158,13.3
140,510,8,1600,0.507633154816071,12.81
200,480,7.34,2280,0.523336094078054,13.48
160,430,7.84,1500,0.530549024630631,13.53
190,564,7.84,3100,0.266575423767215,13.09
160,520,7.68,2760,0.439371747838432,13.03
130,550,7.78,4800,0.619760579006542,12.7
120,470,7.56,4900,0.398650977067709,13.08
160,630,7.84,3100,0.369805713352326,12.61
190,430,7.84,2000,0.733589840985984,13.78
200,530,7.8,1500,0.326171104428197,13.1
190,410,7.78,3700,0.0420877872038167,13.9
140,440,8.52,3900,0.788973304622555,13.43
230,528,7.84,1900,0.240854328012819,13.27
160,470,7.06,2200,0.738374465576114,13.28
230,420,7.86,2500,0.0240092573502596,13.9
180,440,7.9,4400,0.55278429956831,13.72
100,460,7.22,1500,0.310199438413407,12.86
190,430,7.52,3500,1.00590126863916,13.82
150,460,7.22,1500,0.503540633624491,13.19
190,430,7.18,1300,0.494577028707125,13.67
110,450,7.08,3800,0.436451426089643,13.11
228,540,7.58,2500,0.199345718964224,13.3
190,460,7.38,4600,0.571197511021885,13.62
110,520,7.76,2400,0.508206931627746,12.65
220,450,7.7,4500,0.300942298918106,13.89
180,490,7.4,1900,0.492963913135757,13.27
100,500,7.4,4200,0.720506197365358,12.69
170,570,7.28,4500,0.48382003872548,12.87
140,490,7.7,1900,0.525304181198902,12.99
180,540,7.6,4000,0.28596425082975,13.13
130,570,7.22,2100,0.428923045387969,12.57
110,780,7.94,1700,0.111278420142331,12
120,470,7.84,2200,0.547992663508245,13
100,307.692307692308,7.16,2700,0.172988473814408,12.61
110,510,7.88,3900,0.45450551351773,12.71
200,430,8,1600,0.611699346685628,13.77
150,680,7.68,3300,0.319031847877884,12.39
240,430,7.74,3800,0.0169373576885221,13.8
110,200,7.04,2800,0.160866432152456,13.41
110,470,7.58,3400,0.384222765063296,12.99
190,260,7.14,4300,0.0372846662928116,13
280,240,7.6,3300,0.0154538570433663,12.8
250,510,7.9,1500,0.224366618474689,13.43
180,580,7.84,3300,0.378517848205682,12.89
250,660,7.78,3800,0.0554579457727981,13.1
160,620,7.8,1900,0.336700617405,12.56
100,650,7.74,1600,0.29153120883537,12
160,370,7.68,2100,0.0760591428440518,12.1
230,580,7.84,1800,0.130594663410043,13.2
250,510,7.68,800,0.171946702054348,13.11
130,620,7.6,900,0.201719913474438,12
190,260,7.1,3100,0.0426042946555902,12.7
130,340,7.9,1500,0.151134689433853,12.3
220,260,8,5000,0.0299266563690327,13.5
110,580,7.34,3900,0.439780861292444,12.46
100,600,7.64,4200,0.276128251811605,12.36
170,350,7.8,2800,0.0740130209390963,12.3
110,510,7.98,3400,0.680173868034026,12.72
130,550,7.64,4800,0.316625358756106,12.74
240,660,7.78,1300,0.0832111659526565,12.6
250,540,7.58,1700,0.170933912909456,13.42
140,580,7.96,3500,0.433773823130031,12.62
140,500,7.76,1100,0.301062402827613,12.79
260,390,7.68,1200,0.0309478941492326,13.9
280,490,7.96,1400,0.186045462353637,13.8
290,260,7.3,2200,0.0159303620650138,12.1
100,490,7.26,2700,0.466736412817415,12.75
230,330,7.3,900,0.0631143639465225,12.2
170,560,7.36,500,0.127642253874222,12
300,520,7.24,1900,0.162886094157606,13.81
290,470,7.98,4000,0.0142970192803408,13.8
170,280,7.66,5000,0.0772346528229274,12.9
240,670,7.5,4100,0.0652568226359733,13.2
210,260,7.92,700,0.0983859402224118,12
240,310,7.74,1000,0.0514620896256178,12.3
210,470,7.98,3600,0.417502494248515,13.67
160,430,7.76,1500,0.491408529187966,13.5
190,520,7.84,2400,0.354301029203296,13.15
100,500,7.4,2076.92307692308,0.509381133596014,12.62
120,580,7.42,4200,0.59746010245918,12.5
210,480,7.16,2700,0.582583781143175,13.54
120,470,7.28,2400,0.524294484551659,13.02
110,420,7.04,4600,0.417665606525582,13.29
150,540,7.22,2100,0.370272194653635,12.84
140,550,7.74,4800,0.589560917312399,12.78
160,500,7.42,4800,0.25738803015091,13.19
110,500,7.38,2900,0.647638975976267,12.73
130,540,7.06,3500,0.515080593626785,12.74
210,470,7.8,2280,0.640879054794798,13.6
200,480,7.34,2400,0.528709319355101,13.49
210,450,7.34,1900,0.634707299736852,13.71
140,470,7.1,2400,0.738093928606126,13.15
120,500,7.54,3100,0.450076076205152,12.87
130,430,7.12,2400,0.481577805639145,13.43
140,470,7.06,1900,0.645330650689741,13.11
150,500,7.56,2300,0.635431470295602,13.03
130,500,7.28,2400,0.542781854590961,12.91
210,470,7.12,2400,0.688635074305829,13.6
110,510,7.16,3900,0.672741738406868,12.73
120,480,7.08,2700,0.509010188510917,12.95
150,510,7.22,2100,0.628491008157298,12.93
110,460,7.22,1500,0.384203126368773,12.93
130,430,7.12,2400,0.481577805639124,13.43
120,500,7.54,3100,0.450076076205173,12.87
130,540,7.1,5040,0.22969611195677,12.79
130,520,7.08,2900,0.515214932388831,12.78
210,470,7.08,2400,0.570624223531703,13.6
110,510,7.8,3900,0.668118411353958,12.71
130,550,7.06,4800,0.338705336343472,12.74
130,500,7.78,2400,0.46399823595348,12.92
110,430,8,1600,0.368405743494028,13.15
200,510,7.22,2100,0.50744251050891,13.23
120,430,7.68,4200,0.231882980241323,13.41
190,520,7.84,1500,0.387604760220238,13.04
170,570,7.28,3800,0.198276079699357,12.91
150,410,7.92,4200,0.614079466939368,13.78
190,520,7.76,3900,0.499530875845277,13.23
228,440,7.1,2400,0.801619016883346,13.92
228,450,7.08,1900,0.538159598935549,13.81
140,450,7.34,4600,0.47177010530194,13.37
160,440,7.86,2300,0.787818932440687,13.49
180,450,7.9,4400,0.780921337038708,13.61
210,470,7.1,1900,0.531826834026654,13.56
140,490,7.7,4200,0.49410408549097,13.09
160,500,7.86,3100,0.698520818572195,13.12
144,430,7.54,2300,0.475972284891557,13.53
120,620,6.03076923076923,2300,0.457654578524651,12.33
160,470,7.36,1692.30769230769,0.644385957541296,13.22
160,540,7.74,4800,0.498063378776248,12.92
110,550,7.22,2100,0.527568545746877,12.48
230,470,7.12,1900,0.482656262265165,13.66
150,440,7.56,3800,0.932266072702695,13.49
110,460,7.38,4500,0.410543002497064,13.07
110,500,7.46,3500,0.784696879735175,12.74
110,480,7.24,2600,0.740002123164607,12.85
140,500,8.808,1900,0.532582410853038,12.9
150,470,7.56,2700,0.751470387140027,13.24
120,480,7.16,2300,0.635581790629871,12.92
160,470,7.06,3500,0.706836528506392,13.34
190,430,7.52,2200,0.793774281612399,13.77
130,500,7.06,4400,0.473428812613488,12.95
180,420,7.9,2400,0.705204676045673,13.85
153.846153846154,430,7.8,3600,0.601417012650888,13.6
190,612,7.84,2000,0.257886201404415,12.73
120,580,7.42,1300,0.339962989079205,12.33
190,430,7.18,2700,0.848843602731642,13.8
120,620,7.36,2900,0.50123819261907,12.34
130,540,7.06,2300,0.533660029353791,12.69
180,440,7.8,4400,0.961497165873557,13.7
210,470,7.9,2400,0.488694446028149,13.6
230,480,7.74,1900,0.389118125394068,13.56
140,440,7.86,2500,0.420720423245407,13.41
192,510,7.06,2200,0.442087664499267,13.23
110,470,7.08,3900,0.348607180912796,12.99
190,510,7.76,2400,0.552798866018322,13.2
110,520,7.98,3400,0.582389226931271,12.6
120,650,7.26,4800,0.436926410175664,12.28
300,330,7.92,600,0.0570007803233306,13.8
270,490,7.86,3300,0.139415546098875,13.88
280,680,7.72,2900,0.07523515892385,13.6
230,660,7.72,2100,0.0764829192598196,13
200,590,7.32,2700,0.254673317190447,12.95
230,240,7.94,3800,0.0343656342926517,13.6
240,400,7.98,5000,0.0133817033269854,13.6
280,430,7.26,800,0.196122495022268,13.9
260,430,7,2900,0.0157836713252428,13.8
110,550,7.04,2600,0.384773611588767,12.52
200,460,7.34,3100,0.495356892151486,13.65
150,690,7.7,3200,0.223861888315466,12.37
250,360,7.16,4600,0.0190902807171497,12.3
120,540,7.82,1700,0.489052132874627,12.53
170,270,7.82,1700,0.0958700697778556,12.8
180,600,7.6,4800,0.262670867700399,12.8
220,290,7.48,1300,0.0615004571309139,12.7
110,420,7.1,3000,0.469332618375572,13.38
280,530,7.36,3000,0.0757637199180559,13.7
160,500,7.62,1400,0.450048316356706,12.98
140,640,7.32,900,0.206361056700785,12.1
260,370,7.7,3800,0.0152461145427668,12.2
250,540,7.64,3900,0.0731901234761614,13.5
100,600,7.42,3000,0.381907861297254,12.2
260,670,7.1,2800,0.0710393442184911,13.5
260,440,7.4,4200,0.0156285579409737,13.8
110,210,7.34,1100,0.116997973431917,12.2
110,280,7,900,0.127983837678473,12
100,370,7.96,1200,0.115166409056195,12
170,620,7.2,3500,0.242301087699811,12.6
160,480,7.82,500,0.0940957036377469,12
170,670,7.08,1800,0.227188471384252,12.48
170,590,7.96,1400,0.331057975483821,12.62
100,500,7.1,4100,0.665375158408196,12.69
110,650,7.86,1400,0.306496012070712,12.09
220,500,7.18,900,0.22057499930145,13.14
140,570,7.36,3900,0.536019683005989,12.65
270,210,7.94,500,0.091901535208403,12
260,680,7.76,4900,0.037461051353303,13.5
120,480,7.06,2700,0.600087556763689,12.9
140,470,7.16,1900,0.642564085206958,13.1
210,500,7.1,4100,0.390507662705956,13.47
100,480,7.16,2700,0.529701024645779,12.79
140,470,7.08,2400,0.731395464940287,13.15
228,450,7.1,3800,0.625067694742958,13.91
110,500,7.38,3100,0.663816531645702,12.74
160,500,9.432,3500,0.576256443208312,13.14
160,500,7.06,2200,0.610246013666445,13.08
100,470,7.4,4500,0.732086211300166,12.86
160,540,7.84,2200,0.508006328720658,12.9
140,470,7.34,1900,0.665102223836042,13.11
210,470,7.54,2400,0.566653869416005,13.6
190,420,7.28,1600,0.656688070834062,13.82
160,500,7.86,2400,0.693991253119325,13.1
210,470,7.1,2300,0.608370156314598,13.6
210,470,7.1,2100,0.576163050269075,13.58
110,510,7.22,2400,0.660386524588136,12.67
140,450,7.34,2700,0.625638013625144,13.32
120,369.230769230769,7.16,1900,0.191185628270203,13.82
150,500,7.42,4800,0.302971257444489,13.13
140,510,7.22,2100,0.656828381739017,12.86
144,500,7.24,2600,0.524234881610116,13.02
110,430,7.54,3100,0.597330088337265,13.24
110,440,7.24,2600,0.497708457340109,13.19
150,500,7.56,3800,0.564005676167673,13.08
200,430,8,3600,0.931535603840459,13.89
153.846153846154,430,7.8,1600,0.503997053351724,13.51
120,430,7.04,3100,0.71981960178034,13.31
150,420,7.54,4600,0.788699312071994,13.7
210,450,7.1,4200,0.67339990490823,13.82
228,470,7.08,3800,0.481826829780342,13.75
100,440,7.56,3800,0.376810988343953,13
150,460,7.46,1800,0.635777339900983,13.23
153.846153846154,580,7.42,2700,0.360024949433977,12.69
120,430,7.8,3600,0.696681174986823,13.31
120,470,7.1,2400,0.56092368054026,13.01
140,580,7.42,2700,0.470883015497767,12.58
160,430,7.06,3500,0.687251744794849,13.62
190,470,7.52,3500,0.625737078050317,13.54
160,440,7.06,2200,0.885339464647422,13.5
180,470,7.8,4400,0.684684926873483,13.49
110,500,7.28,2600,0.589235382594284,12.71
210,470,7.24,2400,0.545594791240314,13.61
100,470,7.38,3500,0.215804123527026,12.91
210,500,7.8,2400,0.494852990566812,13.41
160,450,7.86,2400,0.774137878858802,13.44
180,420,7.9,2300,0.714854204116393,13.84
110,510,7.22,4200,0.696341844950849,12.73
100,500,7.4,2100,0.520216508376903,12.62
160,510,8.664,2100,0.480379310354103,13.04
150,470,7.06,3500,0.710256165871443,13.27
210,520,7.12,2400,0.273430970380069,13.21
110,470,7.98,3400,0.763438313307695,12.91
160,480,7.16,2300,0.657084355129737,13.21
120,470,7.84,2200,0.547992663508238,13
150,440,7.06,1900,0.734929277071099,13.4
230,470,7.56,3800,0.483634758352773,13.77
200,470,7.8,2400,0.690617224235586,13.55
210,430,8,1600,0.612159824553212,13.83
130,480,7.46,1800,0.578880250713468,12.94
144,460,7.16,2700,0.637333871820023,13.26
153.846153846154,510,7.18,3600,0.733236050264009,13.04
190,430,7.8,2700,0.680203220933027,13.83
150,410,7.46,4200,0.62708277094002,13.78
110,500,7.92,3500,0.670108553728436,12.75
140,500,7.54,1900,0.566885420710066,12.93
190,420,7.06,1600,0.657602149685431,13.81
120,460,7.54,4800,0.724674169688453,13.12
130,550,7.78,3100,0.698639610049507,12.67
110,420,7.9,4400,0.176605060921861,13.2
180,500,7.24,2600,0.469099029160099,13.27
150,510,7.8,3900,0.622743707603724,12.99
132,470,7.56,3800,0.581265449924036,13.15
190,430,7.16,2000,0.770158274122585,13.77
120,480,7.84,2700,0.556424741108666,12.9
140,480,7.74,2400,0.721836182667754,13.06
210,470,7.1,1900,0.531826834026636,13.56
110,450,7.9,4400,0.640244545769996,13.11
180,510,7.8,3900,0.322956854745919,13.28
300,650,7.52,3300,0.0551417724877582,13.8
230,210,7.8,1400,0.0466611597584402,13
120,390,7.4,1500,0.259123954582821,13.72
300,680,7.72,2100,0.0978247228670842,13.5
150,430,7.58,2400,0.593349168285508,13.56
180,350,7.18,500,0.110081014174359,12
180,300,7.1,2000,0.0742904712214703,13
120,300,7.16,3700,0.144263565094535,13.19
100,510,7.1,2900,0.470800315267819,12.63
250,650,7.72,2100,0.0718624004730432,13.1
300,220,7.24,1100,0.0175614046162287,12.8
180,620,7.14,500,0.136008350350879,12
170,630,7.24,2600,0.224309682736318,12.71
100,230,7.38,3900,0.184648446550428,13.49
160,610,7.4,4100,0.286644447762511,12.72
290,400,7.86,3900,0.00779913485293022,13.6
250,610,7.96,1400,0.105747551904236,13
290,340,7.46,3200,0.00810457862100452,12.3
250,540,7.32,3000,0.108795433115867,13.41
190,400,7.78,600,0.0957803998730135,13.5
190,360,7.34,2400,0.0547289384071556,12.2
270,350,7.16,2400,0.0140221235490153,12.5
100,640,7.12,2800,0.381676134168223,12.17
210,290,7.4,2100,0.0481916571716744,13.3
260,320,7.96,1400,0.0326400193063629,12.4
270,340,7.5,3100,0.0180095930734805,12.4
220,520,7.48,1000,0.236211652999453,13.07
230,680,7.14,4000,0.057068591430064,13.2
270,450,7.72,4400,0.0155970074078972,13.9
130,280,7.16,1600,0.11331582186653,12.1
120,430,7.72,800,0.0986266372477129,13.1
280,230,7.18,2800,0.021966913382841,12.8
240,360,7.64,2400,0.0267333430603624,12.3
120,400,7.06,1200,0.199652187344344,13.51
280,520,7.46,1900,0.171969458144947,13.7
230,210,8,3300,0.033512008543784,13.9
180,410,7.18,2000,0.740354913903607,13.91
300,640,7.62,3800,0.0364903028994381,13.7
290,500,7.12,4200,0.0483010918190489,13.8
190,360,7.04,4100,0.0479659913648346,12.2
110,510,7.22,1900,0.555684503849086,12.64
230,440,7.06,4200,0.0786237642250201,13.9
180,420,7.9,4200,0.578254563200523,13.91
210,450,7.1,2300,0.666305281254679,13.75
120,460,7.56,3100,0.798150947989311,13.09
150,470,7.54,2300,0.718027521280814,13.22
180,470,7.9,2400,0.697961389395666,13.4
160,420,7.84,2200,0.783302207658374,13.68
200,470,7.8,2000,0.609152951304144,13.52
180,410,7.18,2400,0.78245286558229,13.92
160,410,7.18,2000,0.689314467806885,13.78
180,440,7.06,2200,0.870391590798104,13.63
110,500,7.38,3600,0.706913402505867,12.75
200,430,8,3100,0.877385055880586,13.87
150,430,7.56,3800,0.427458391506712,13.61
120,440,7.54,3100,0.655474957028683,13.26
180,470,7.8,2400,0.663824574316542,13.42
140,470,7.1,4400,0.621210244417206,13.2
190,420,7.28,3100,1.08643060419892,13.93
160,470,7.84,1600,0.591554567946235,13.21
110,500,7.4,4500,0.741005086005817,12.76
100,500,7.46,3500,0.220103783074582,12.71
160,510,7.06,2640,0.560773762692533,13.07
110,470,7.8,3900,0.568507288712854,12.94
100,500,7.4,1900,0.47113534604394,12.6
140,470,7.34,4200,0.657211464866135,13.2
110,500,7.38,2300,0.552363515704126,12.7
160,440,7.86,3500,0.4725826637032,13.58
161.538461538462,550,7.1,4200,0.313747120548478,12.83
130,450,7.78,3100,0.654268900139431,13.2
160,430,7.86,2400,0.739930294469308,13.61
190,450,7.8,2700,0.634572112597302,13.66
100,500,7.46,3500,0.220103783074569,12.71
110,500,7.38,4200,0.715617569406441,12.76
160,470,7.54,2200,0.710854351229539,13.28
120,460,7.06,3100,0.780911890668678,13.08
100,500,7.38,4500,0.693091029939001,12.69
100,470,7.4,3500,0.325741467746672,12.71
230,440,7.56,1900,0.652782238666104,13.89
150,440,7.06,3800,0.952073191998972,13.49
140,440,7.22,1615.38461538462,0.503988715247554,13.31
140,510,8.52,3900,0.629235031292907,12.95
150,500,7.4,4500,0.264460875394433,13.13
100,420,7.04,4600,0.382733890609884,13.21
160,460,7.06,2200,0.812604857636431,13.32
120,440,7.54,3100,0.655474957028673,13.26
140,470,7.54,2400,0.687633105606514,13.16
190,420,7.1,1600,0.669413685386414,13.81
230,500,7.86,2500,0.290384748301875,13.48
110,440,7.38,3100,0.473593869721291,13.16
130,510,7.78,3100,0.731771087051022,12.84
110,550,7.22,2400,0.566811385740724,12.5
150,470,7.56,3800,0.658623828737437,13.28
150,440,7.56,3800,0.932266072702644,13.49
156,510,7.22,4200,0.215156291146231,13.12
110,550,7.78,3100,0.611560793807083,12.54
160,470,7.06,2200,0.738374465576152,13.28
160,470,7.84,3500,0.74182226838903,13.33
160,440,7.06,2300,0.896560171956546,13.5
160,440,7.86,1692.30769230769,0.609157374550907,13.43
110,500,7.38,3500,0.700591987802579,12.75
110,500,7.46,3100,0.73882180651918,12.73
84.6153846153846,500,7.4,4200,0.506152883342142,12.57
100,510,7.22,4200,0.640878234025297,12.65
150,480,7.16,2700,0.651821609746764,13.16
120,470,7.06,3500,0.48587192216598,13
160,460,7.86,3100,0.597515403805945,13.38
120,500,7.54,4800,0.487631416880665,12.81
110,510,7.06,3900,0.445931772048062,12.74
160,440,7.16,2200,0.667136794166092,13.49
150,470,7.08,2400,0.771240127015285,13.22
140,470,7.56,3800,0.628688274589262,13.21
120,440,7.54,3100,0.655474957028646,13.26
228,430,7.1,2400,0.0661439625483979,13.9
150,430,7.56,3800,0.427458391506735,13.61
190,440,7.52,2200,0.863605701238611,13.7
200,430,7.06,3600,0.811310988749587,13.88
150,470,6.15384615384615,3500,0.417935508363215,13.29
153.846153846154,510,7.18,3100,0.686067892507535,13.03
160,500,7.86,3600,0.687613564688354,13.14
160,360,7.52,1400,0.110657710622673,12.2
210,530,7.84,3900,0.177818309130285,13.31
130,640,7.32,5000,0.373053290320776,12.44
100,310,7.1,2500,0.15376215849683,12.68
300,390,7.24,4000,0.00462801150597991,12.2
260,610,7.88,4200,0.094845413255003,13.6
190,610,7.2,4800,0.226592675937269,12.86
100,560,7.9,2000,0.436892578237481,12.37
160,370,7.64,3600,0.0601764424999218,12.8
250,370,7.9,700,0.0841591989949689,13.9
120,690,7.76,4700,0.28483824932201,12.18
240,470,7.56,3000,0.409889355121613,13.8
280,380,7.16,2400,0.0158714676093089,12
250,400,7.48,3400,0.0125170783490297,13.6
250,400,7.9,2900,0.0121924081664551,12.3
200,530,7.48,2100,0.364824773021632,13.17
170,390,7.18,3900,0.046668765491978,12.1
300,430,7.62,3200,0.00866902396465239,13.8
260,330,7.14,800,0.0496313859243296,13.9
100,640,7.9,3700,0.379852898204791,12.25
150,460,7,700,0.131658693622489,12.89
180,230,7.28,4300,0.0434368914836291,13.2
120,330,7.04,900,0.128182819054891,12
160,490,7.18,4400,0.443686643234283,13.24
300,590,7.5,1000,0.0842751918596483,13.2
110,260,7.1,700,0.0941239674857715,12
280,350,7.5,1400,0.0188524743987556,13.9
160,270,7.28,1100,0.110937072984107,12.4
290,610,7.86,4600,0.066669022083561,13.6
250,370,7.46,2000,0.0221841357180024,12.3
200,410,7.5,4900,0.0247417643385304,13.9
250,200,7.9,4800,0.0168970876523998,13.5
180,640,7.22,2600,0.252942250063125,12.6
300,630,7.1,3500,0.0462531042326213,13.6
120,420,7.5,3000,0.492773269150652,13.47
160,470,7.32,1200,0.394917841177045,13.13
210,240,7.56,3600,0.0379543458930376,13.2
190,490,7.86,4900,0.310732017887117,13.4
120,280,7,2100,0.147171364471094,13.29
100,320,7.16,2400,0.166461950786695,13.02
190,430,7.52,2200,0.793774281612436,13.77
190,430,7.52,3500,1.00590126863917,13.82
100,470,7.4,4500,0.732086211222714,12.86
140,500,7.1,2400,0.597078282342097,12.95
160,480,7.86,2300,0.580219650662834,13.23
140,450,7.74,2400,0.631485339761214,13.26
150,440,7.84,3800,0.842708002710991,13.48
160,470,7.56,3500,0.69603956683899,13.34
180,450,7.8,4400,0.494009160623291,13.65
180,440,7.9,4400,0.552784299568333,13.72
180,410,7.18,3100,0.892924601793544,13.95
120,460,7.06,2400,0.718299975375593,13.05
200,430,8,2200,0.773443160191781,13.83
160,420,7.84,3600,0.857720925773398,13.74
180,410,7.86,2400,0.70876363329541,13.93
160,500,7.18,2400,0.666750353479833,13.06
110,440,7.06,1900,0.475241841417173,13.13
150,500,7.4,5400,0.234184155500052,13.14
100,500,7.4,4600,0.772605581393853,12.69
150,420,7.54,4500,0.794762396849809,13.7
100,430,7.22,2400,0.309166431229269,13
160,470,7.4,4500,0.82099404730789,13.32
110,500,7.46,3800,0.262626349617012,12.79
150,440,7.56,3100,0.943240744276878,13.48
150,440,7.56,2700,0.949339426246111,13.46
228,470,7.1,2400,0.513265975519638,13.7
180,440,7.8,2200,0.845680404974992,13.63
180,440,7.06,4400,1.02086556951024,13.71
160,450,9.432,3100,0.805606255591863,13.46
200,430,8,2300,0.79489119218839,13.84
160,500,7.86,2300,0.689847820995685,13.09
110,450,7.38,3600,0.636242152800688,13.09
180,470,7.06,3500,0.706548559876467,13.47
150,440,7.06,2200,0.856123207994058,13.43
110,500,7.38,4600,0.706984436336371,12.77
150,420,7.54,3600,0.80069527501645,13.68
120,430,7.8,2400,0.342111927225609,13.38
190,430,7.16,3600,0.83384197174619,13.83
160,500,7.4,2400,0.684879605060958,13.07
100,500,7.86,4200,0.382073120906936,12.7
160,500,7.86,2400,0.693991253119303,13.1
180,470,7.9,2300,0.704849272726635,13.4
190,430,7.52,2300,0.810012236731176,13.77
160,450,7.86,3500,0.743148739605361,13.48
120,430,7.8,2300,0.340646795300624,13.37
160,440,7.06,3600,0.9756444521494,13.56
160,500,7.38,4500,0.203963156928341,13.19
100,450,7.86,2400,0.372193459574798,12.99
190,430,7.9,2200,0.781485145622416,13.79
180,450,7.52,4400,0.792454260472505,13.59
110,470,7.54,3400,0.574584033294431,12.89
160,361.538461538462,7.98,2200,0.0890315442854069,12.4
160,470,7.06,3100,0.742844097868781,13.32
200,430,7.84,3600,0.639651125133328,13.89
150,480,7.24,2600,0.73816491478201,13.14
110,470,7.56,2300,0.455871901662309,12.94
200,430,8,2300,0.794891192188378,13.84
123.076923076923,440,7.86,3600,0.672492826175168,13.28
110,500,7.54,3500,0.389835349877395,12.75
150,470,7.46,2300,0.590037367393222,13.23
110,500,7.46,2400,0.641598193215855,12.69
160,430,7.22,3500,0.83346338318237,13.63
150,470,7.08,2700,0.769533361261032,13.24
150,564,7.56,2400,0.445219862570324,12.69
120,470,7.9,2400,0.553993977857153,13
180,460,7.54,3100,0.878430849764303,13.51
180,460,7.56,3100,0.899437215310001,13.51
120,420,7.9,2300,0.462600456507986,13.38
160,440,7.06,2200,0.885339464647464,13.5
150,460,7.06,3800,0.924495326453786,13.32
150,430,7.56,2700,0.623248478006355,13.5
120,470,7.8,3600,0.607896912218008,13
150,470,7.84,3500,0.747203282024255,13.26
160,420,7.04,5520,0.777770994837299,13.78
190,440,7.52,2384.61538461538,0.903476073428825,13.71
120,460,7.56,2200,0.68022129951429,13.05
110,500,7.46,3400,0.758231551504604,12.73
110,361.538461538462,7.98,3500,0.115749441425968,12.59
160,440,7.16,2300,0.676746671465009,13.5
120,480,7.06,2700,0.60008755676364,12.9
240,500,7.8,4600,0.0880478299380696,13.6
300,560,7.2,3900,0.0962371603210965,13.9
220,230,7.64,4200,0.0358622252819273,13.1
210,470,7.36,2800,0.481655304037292,13.62
260,620,7.3,800,0.101111325653615,12.7
160,400,7.44,3700,0.621667138267189,13.99
250,600,7.04,2600,0.0836434364632496,13.3
230,510,7.12,4200,0.323549667578439,13.51
270,330,7.02,4000,0.0164958162909363,12.1
220,560,7.42,4500,0.0628012802034359,13.3
180,280,7.04,2200,0.0843745328103849,12.9
290,410,7.38,4900,0.0074077153475873,13.9
160,280,7.42,2800,0.0782132909422395,12.9
300,210,7.38,4800,0.0100292012543752,12.9
280,340,7.04,3100,0.0160028050297733,12.1
100,370,7.42,2500,0.117579236799724,13.9
170,490,7.2,4500,0.621576879090075,13.3
140,250,7.46,900,0.11347428105036,12.1
180,270,7.04,1800,0.0913819220186712,13.6
150,670,7.26,5000,0.230831085562766,12.44
280,240,7.84,3400,0.0151673423347736,12.7
210,600,7.48,3700,0.226125984140019,13.03
230,640,7.06,1300,0.121307219564447,12.66
230,250,7.02,5000,0.0203636163114439,13.9
220,360,7.94,4600,0.0345870886826632,12.4
140,240,7.64,1000,0.11473469080855,12.9
160,580,7.82,3100,0.497076689614383,12.78
230,630,7.08,4300,0.0536004876446761,13
100,500,7.48,1200,0.254989596993144,12.5
200,200,7.26,3000,0.0441370731129535,13.9
240,400,7.46,4400,0.0121250113930689,13.6
290,550,7.78,1400,0.115304993176448,13.49
190,480,7.52,500,0.110247179179292,12
150,360,7.54,4100,0.0554227984699956,12.5
170,650,7.8,1800,0.273654253062817,12.5
190,440,7.34,1300,0.470632834142345,13.56
220,600,7.34,2600,0.174761351106951,13.03
120,660,7.28,2200,0.435666540511953,12.2
280,560,7.18,4100,0.0543702010639106,13.7
150,230,7.18,1500,0.125451065067386,13.86
150,440,7.06,3800,0.952073191998947,13.49
160,470,7.84,2200,0.763548338411673,13.27
160,470,7.4,3000,0.787627157756033,13.29
140,440,8.52,4500,0.748402257605422,13.44
200,430,7.56,3100,0.562063487258291,13.91
180,460,8,3100,0.901482770156185,13.52
150,450,7.06,1900,0.623381476741537,13.34
180,440,7.52,4400,0.942366354003871,13.71
180,440,7.06,2200,0.870391590798108,13.63
160,440,7.06,2200,0.885339464647443,13.5
150,440,7.84,3500,0.847368629806191,13.48
180,470,7.06,2200,0.693502107418567,13.4
180,460,9.432,3100,0.691090650060128,13.53
123.076923076923,450,7.56,3100,0.404739800724065,13.23
150,338.461538461538,8,3800,0.0633133917890162,13
200,430,7.56,2760,0.607669053078701,13.89
140,440,10.224,4400,0.621623473137466,13.45
180,440,7.06,3900,1.05465349737792,13.7
190,430,7.9,2400,0.797536089639276,13.79
160,430,7.86,2200,0.726816053732462,13.6
180,440,9.36,5520,0.68334980458924,13.7
160,420,7.04,2200,0.819288752333243,13.69
190,470,7.16,3600,0.673465261931184,13.5
160,430,7.06,2200,0.560625699138882,13.61
160,440,7.06,3100,0.997645727331634,13.54
160,470,7.84,2300,0.785332213865918,13.28
200,460,7.06,2200,0.734914115228108,13.59
160,430,8,3100,0.821268894232265,13.62
180,460,7.04,3100,0.884138718681419,13.51
160,420,7.54,5520,0.814805241813136,13.77
190,430,7.52,2384.61538461538,0.839375100916239,13.78
190,440,7.9,2200,0.67836436166291,13.7
160,420,7.86,2300,0.765518181615645,13.68
160,450,7.84,3600,0.698598866612033,13.48
180,410,7.18,2000,0.740354913903566,13.91
190,430,7.84,3100,0.751290476984692,13.82
120,460,7.56,3100,0.798150947989328,13.09
150,440,7.54,2700,0.917966063610781,13.46
160,470,7.8,3500,0.709893937394008,13.34
180,440,7.84,4400,0.952811819002359,13.7
180,440,7.8,2880,0.989389588206033,13.67
160,430,7.22,2200,0.751014370820724,13.59
150,470,7.54,4600,0.564475636779689,13.29
160,420,7.84,2200,0.783302207658334,13.68
160,440,7.52,2200,0.849714785163597,13.5
190,470,7.84,2200,0.69665897671512,13.47
180,440,7.06,2200,0.870391590798053,13.63
180,440,7.06,4400,1.02086556951029,13.71
150,480,7.24,2000,0.659691059488353,13.1
190,430,7.84,2600,0.743751272563124,13.81
200,440,8,3600,0.967833307040663,13.82
180,430,7.8,4400,0.576847294738544,13.79
160,430,8,2300,0.707186272194625,13.58
200,470,7.4,4500,0.426085471569605,13.61
150,430,7.04,4600,0.463422347549909,13.59
200,420,8,2200,0.938682440234547,13.94
180,440,7.04,2200,0.84819968415582,13.63
160,420,7.06,5520,0.862078298238204,13.77
150,470,7.84,3500,0.747203282024304,13.26
160,420,5.8,4600,0.959091791477497,13.77
160,450,7.16,3100,0.829811586309074,13.46
190,430,9.432,2000,0.747676828934556,13.76
150,440,7.08,2400,0.916770834017635,13.44
160,470,7.86,2300,0.795734115059154,13.28
180,440,7.56,3800,1.04405864807899,13.7
150,450,7.9,4400,0.667401388755137,13.42
190,430,7.16,2600,0.815961124866834,13.8
150,480,7.24,3600,0.720107416224252,13.18
150,420,7.28,3100,0.839222891324821,13.67
190,420,7.04,4600,1.05388070260973,13.96
110,420,7.46,3500,0.375369006386974,13.29
190,500,7.28,3100,0.609013290551565,13.33
150,460,7.56,3800,0.9288549919601,13.32
150,528,7.06,3100,0.532661078067652,12.92
180,440,7.18,3100,0.640737934916732,13.67
140,410,8.52,3900,0.370191262639169,13.75
150,500,7.4,4500,0.264460875394406,13.13
110,420,7.54,4600,0.407081328828489,13.29
150,600,7.4,4600,0.297556640240642,12.68
100,420,7.54,4500,0.347722830158867,13.21
280,210,7.3,3600,0.0142278961559556,12.7
300,510,7,3000,0.0818674054766068,13.9
190,300,7.28,4100,0.0533448946027085,12.9
190,690,7.92,3600,0.126517124719923,12.69
190,640,7.5,800,0.185095665255178,12.3
270,250,7.86,3300,0.0220771000272972,13
120,380,7.84,2900,0.126337894175776,12
220,270,7.86,3700,0.0360743993290775,12.5
290,420,7.58,1600,0.0163019279792004,13.9
240,270,7.44,900,0.0622730039704699,12.5
190,580,7.66,1300,0.245576462631613,12.79
180,310,7.16,4900,0.0515585125852149,12.4
280,660,7.14,2400,0.06313329356554,13.4
240,570,7.7,500,0.13967445424127,12.3
100,460,7.48,4700,0.489288823437023,12.98
160,390,7.38,4500,0.0734267987463129,12.1
220,240,7.48,3100,0.0346600328304399,13.3
160,270,7.4,3200,0.101629057910664,13.7
180,640,7.22,4100,0.224664850800578,12.76
150,210,7.12,3800,0.0770860730028242,13.3
150,600,7.82,2800,0.473675619396246,12.58
230,530,7.04,2500,0.258416549776054,13.39
180,600,7.2,2700,0.358589016807128,12.8
210,640,7.96,4100,0.0761555011889027,12.8
130,540,7.82,1200,0.323749843439225,12.49
160,540,7.98,600,0.135482070060957,12.2
250,410,7.18,3000,0.0112652033244475,13.6
300,660,7.26,800,0.0704704830552303,13.2
170,400,7.34,2900,0.901488593183378,13.99
290,330,7.42,4700,0.0101939441956959,12.4
160,470,7,500,0.0888473041701952,12
200,380,7.52,4600,0.0222391100111176,12.7
220,350,7.6,1600,0.0426191731234429,12.4
220,430,7.04,1300,0.466552584850701,13.82
200,490,7.72,2100,0.528941095560913,13.39
210,670,7.8,2500,0.0985561130471708,12.7
260,540,7.12,4300,0.0628496825957814,13.5
280,620,7.56,1200,0.0875007113108238,13.3
200,700,7.54,4900,0.0751631583680082,12.8
150,690,7.34,4400,0.182383694739464,12.4
180,410,7.04,2400,0.835888108796233,13.91
180,353.846153846154,7.18,3100,0.0550784680683412,12
180,440,7.8,2300,0.86983417514251,13.64
190,430,7.52,2640,0.894673597539074,13.79
160,440,9.048,5520,0.774395281125803,13.59
180,420,7.06,2200,0.906051207830736,13.82
180,400,7.84,4400,0.0370450145404557,13.9
170,440,7.34,2900,0.945472705326609,13.59
180,450,7.52,2300,0.618824028231417,13.57
160,440,7.86,4400,0.408164900222435,13.6
190,430,7.52,2600,0.890655672238262,13.79
228,440,7.16,2200,0.62355392094223,13.9
190,420,7.52,3100,1.06788524042041,13.93
190,430,7.28,2200,0.643469269971029,13.8
150,430,7.06,3800,0.407859297133389,13.62
200,460,8,3600,0.781402747391246,13.65
160,420,7.84,3100,0.903899962316022,13.72
180,460,7.04,3600,0.875569938731824,13.53
150,440,7.56,2700,0.949339426246059,13.46
150,440,7.56,3100,0.943240744276739,13.48
150,440,7.56,3500,0.964993086259349,13.49
160,430,7.22,2700,0.808554679519493,13.61
150,420,8,4600,0.69367440823569,13.7
200,430,7.04,3100,0.939159104429011,13.87
190,440,7.16,2600,0.743706499719142,13.7
180,430,7.8,2200,0.689985168636905,13.74
150,338.461538461538,7.84,3500,0.0888592620760715,12.6
150,528,7.84,3800,0.628058624624476,12.92
150,460,7.06,2200,0.825578187574483,13.26
180,440,8,3100,0.917429363959009,13.68
200,420,7.04,4600,0.0627028673937557,13.9
150,430,8,2384.61538461538,0.646875508099441,13.51
190,430,8,2300,0.807440406004518,13.78
200,430,7.52,2300,0.793422596859033,13.84
190,440,7.84,3500,1.01492260305699,13.74
150,440,7.1,3900,0.836048178876596,13.48
190,430,7.9,3800,0.852937144812745,13.84
150,440,7.56,2400,0.874209852405369,13.44
180,420,7.18,3100,0.825822702900966,13.87
190,410,7.28,3100,0.066263230909748,13.8
160,450,9.432,2300,0.769155779491585,13.43
160,440,7.86,3100,0.501492457602982,13.57
160,470,7.8,4500,0.609678415966872,13.36
180,440,7.4,2880,0.632158147355313,13.68
140,420,8.52,3900,0.638124919148273,13.62
150,440,7.54,4500,0.916119031858297,13.51
160,440,7.86,2200,0.770915631282849,13.48
160,460,7.06,2300,0.847603309833696,13.33
180,440,8,1692.30769230769,0.656538322845946,13.58
160,430,7.06,3100,0.676390585449862,13.61
160,430,7.16,2600,0.774621635099519,13.62
190,470,7.4,4500,0.577333571680822,13.5
150,440,7.56,3800,0.932266072702631,13.49
150,460,7.06,3800,0.924495326453879,13.32
160,440,7.06,2300,0.89656017195661,13.5
160,440,7.86,2300,0.787818932440704,13.49
160,420,7.04,4600,0.904149347080308,13.77
150,430,8,3100,0.340544561659279,13.61
180,440,7.8,5520,0.890589445217079,13.72
160,420,7.06,2880,0.961103173192704,13.73
190,440,5.8,2700,1.03836964712066,13.73
150,440,7.1,3900,0.836048178876726,13.48
200,430,7.06,4500,0.698746754088362,13.9
160,564,7.4,3600,0.479253240774175,12.87
190,430,8,3600,0.352017610862166,13.88
160,430,7.16,3100,0.773735978343862,13.64
180,460,7.56,2200,0.744178256844557,13.46
180,440,7.04,3100,0.989946476509591,13.68
180,420,7.04,2200,0.899894527593094,13.82
160,460,8.472,3800,0.700772305048718,13.4
140,450,7.52,4400,0.721509393778438,13.31
180,440,8.52,3900,0.950796591030236,13.7
150,460,7.54,3100,0.960792999085859,13.31
120,420,7.54,4500,0.492537631422689,13.49
190,470,7.84,3100,0.781852181580342,13.51
160,440,7.52,2384.61538461538,0.875462262229235,13.51
180,420,7.04,4600,0.951890514173449,13.9
150,440,7.8,2200,0.844354124816221,13.43
180,440,7.04,4400,0.997620267384239,13.71
180,440,7.84,2200,0.817154745017344,13.62
300,340,7.54,2400,0.0109408351000787,12.1
300,670,7.9,1200,0.0794679011372921,13.4
280,680,7.58,1100,0.0713948685133427,13.1
260,690,7.96,2500,0.0561308617913908,13.3
300,340,7.04,2900,0.0109671930351012,12.4
140,300,7.18,1800,0.121269763759327,13.21
170,630,7.88,500,0.130554493775728,12
190,390,7.98,2100,0.0585507010990414,13.8
240,660,7,1200,0.0907677254663277,12.6
280,520,7.12,4900,0.0685616125675137,13.9
180,490,8,2700,0.64253668481394,13.3
150,330,7.84,2300,0.105520054898329,12.31
180,700,7.84,500,0.117401032138258,12
190,220,7.84,3800,0.044619499769898,13.1
130,660,7.52,4400,0.230711373237982,12.39
170,600,7.34,1900,0.365566228259741,12.71
230,250,7.6,1900,0.0474053707425106,12.9
170,660,7.74,3700,0.244006220188544,12.59
170,600,7.4,4300,0.28044815558345,12.8
180,600,7.24,4500,0.254104383495826,12.8
210,250,7.22,2000,0.0649548397961697,13.5
120,680,7.64,3200,0.278177094011737,12.11
130,200,7.06,3100,0.0645159578583188,12.2
210,240,7.22,4100,0.0385891089817271,13.1
270,690,7.62,1000,0.0723879446189643,13
140,330,7.96,1300,0.13234613978774,12.3
220,300,7.42,700,0.0997004213499367,12
180,520,7.12,4700,0.387047642932341,13.1
150,280,7.9,3500,0.0909808829606464,12.5
230,360,7.54,3000,0.0280050721824968,12.6
290,640,7.62,2200,0.0742277268924853,13.5
240,240,7.5,4200,0.0310897848593953,13.3
220,250,7.1,1700,0.0546950545334737,13.2
140,270,7.94,4500,0.0944400381169785,13.2
120,410,7.48,4200,0.438479443547638,13.55
180,440,7.24,3200,0.883662290960573,13.69
180,550,7.42,800,0.20223657584188,12.59
290,350,7.44,2700,0.0123723382957694,12.1
120,430,7.5,4900,0.232055209945163,13.2
250,530,7.18,2400,0.212001678666463,13.49
123.076923076923,420,7.04,3100,0.584660144344699,13.48
180,420,7.84,4600,0.953901665441061,13.89
150,420,7.28,3100,0.839222891324783,13.67
190,440,7.06,3800,1.11163700459937,13.76
180,420,7.06,2880,1.01481326378225,13.85
180,440,7.8,2200,0.84568040497501,13.63
160,420,7.56,4600,0.936189378712566,13.76
216,460,7.04,3100,0.632167106525736,13.72
160,420,7.06,3100,0.966851630606553,13.73
150,460,7.54,2880,0.955777755722784,13.3
190,420,7.52,3500,1.10391065080438,13.94
190,440,7.84,3100,1.03037140032629,13.73
150,460,8,3100,0.885337203379462,13.31
180,440,7.08,2400,0.914429234531414,13.65
200,440,8,3600,0.967833307040753,13.82
160,430,7.06,3100,0.676390585449904,13.61
180,440,7.84,3900,1.02553976952465,13.69
160,420,8.52,3600,0.979942462804306,13.75
150,440,7.52,2200,0.798865468701915,13.44
190,440,7.56,2400,0.95309812672561,13.71
150,460,7.56,3100,0.934736048992309,13.31
150,460,7.54,2923.07692307692,0.950344589342794,13.3
192,440,7.52,3900,1.01747458662649,13.78
180,440,7.06,2384.61538461538,0.906295986025451,13.65
180,440,7.24,4500,0.847872967867514,13.71
150,440,7.54,3200,0.964479662533354,13.48
180,410,7.06,3900,0.0928160632152432,13.9
180,440,7.04,2400,0.900059431859978,13.65
150,440,7.56,3900,0.911816006169524,13.5
190,440,7.1,3100,1.09777945283503,13.74
180,440,7.1,4400,0.96718635533047,13.7
150,440,7.06,3900,0.901801601195727,13.49
150,460,7.54,2700,0.930160188235379,13.29
150,440,7.54,3100,0.959665451601309,13.48
190,440,7.06,3600,1.07367256373268,13.76
160,430,7.52,2384.61538461538,0.707680075167291,13.59
190,440,7.1,2200,0.920707847707231,13.69
150,440,7.8,3900,0.932778096725574,13.49
180,420,5.8,4600,1.02989310404907,13.9
160,440,8,3100,0.933819152706831,13.55
150,440,7.06,2700,0.96154995813537,13.46
160,440,7.54,3600,0.98845948292699,13.56
200,420,7.04,3100,1.09413365493178,13.99
160,430,7.84,3100,0.692745874257297,13.64
180,460,7.84,3100,0.752231585882496,13.49
150,440,7.54,3800,0.931591472088106,13.5
150,460,7.28,3800,0.936856494685297,13.32
190,420,7.56,3100,1.06406948851151,13.92
150,420,7.28,2230.76923076923,0.759731306422051,13.63
170,400,7.34,3100,0.670008017433448,13.99
150,430,7.52,2640,0.6950593304191,13.52
190,440,7.56,2700,0.99540775307161,13.73
150,460,7.04,3600,0.990382202563045,13.32
180,440,7.56,2400,0.908394976088951,13.65
180,440,7.9,3384.61538461538,0.61832190341966,13.7
190,430,7.06,3800,0.448497308557019,13.88
160,440,7.06,2200,0.885339464647415,13.5
150,440,7.52,3800,0.951124822102498,13.5
200,504,7.04,3100,0.298524638385621,13.39
180,430,7.04,4600,0.332054311178062,13.84
190,440,7.06,3900,1.07772750253153,13.76
180,430,7.52,2384.61538461538,0.830982835332871,13.72
160,440,9.048,2700,0.960565600377934,13.53
150,440,7.06,4320,0.936080275566252,13.5
180,440,7.84,2900,0.972368618125011,13.66
170,400,7.34,4400,0.0533922451343462,13.9
180,410,7.04,3100,0.894050999962054,13.94
180,338.461538461538,7.18,2200,0.0730343370114249,12.5
180,440,7.56,2400,0.908394976088996,13.65
150,338.461538461538,7.8,4400,0.0830965661783449,12.8
150,440,7.06,3100,0.9436134823864,13.48
160,440,7.06,2200,0.885339464647493,13.5
200,420,7.04,4600,0.0627028673937552,13.9
190,440,8,3600,0.979704653015596,13.76
190,440,7.06,3900,1.07772750253153,13.76
180,440,5.8,2700,1.00835668052536,13.66
180,440,7.06,2300,0.899991559992584,13.64
123.076923076923,460,7.06,3900,0.769508570485096,13.13
160,440,7.06,2900,0.979219865716827,13.54
170,400,7.34,3100,0.670008017433531,13.99
200,430,7.66,2800,0.775964969179876,13.89
110,700,7.2,3600,0.448698014529267,12.09
230,450,7.06,600,0.135331927455266,13.27
250,570,7.38,2800,0.133462743609523,13.49
210,430,7.94,4700,0.0583090061772418,13.9
240,560,7.84,3800,0.075129405146974,13.4
200,230,7.34,4600,0.0395892417814382,13.3
230,580,7.74,2900,0.164061970343652,13.2
300,360,7.6,1300,0.018375179455163,13.9
250,460,7.46,4200,0.0959768850177221,13.9
250,690,7.2,4500,0.0418004924710427,13.6
210,220,7.28,3600,0.0359244960090103,13.4
220,700,7.78,2400,0.067109702976519,12.6
140,230,7.9,3800,0.109781723976697,13.59
260,220,7.24,2000,0.0294652178717967,12.8
280,530,7.26,1300,0.117496614523481,13.57
190,680,7.58,1800,0.172901328717614,12.59
180,320,7.08,1700,0.0847544584445173,12.6
160,700,7.02,3400,0.20914503637645,12.49
260,450,7,600,0.133076428218578,13.42
250,630,7.64,1000,0.0959342577187452,12.6
140,540,7.06,1300,0.375581418470274,12.63
260,310,7.26,3600,0.017116842925705,12.6
120,330,7.98,3300,0.127212880545106,13
280,380,7.94,2700,0.0120395903285089,12.2
290,700,8,1200,0.0729111381909802,13.1
110,400,7.46,3000,0.202215025422806,13.64
220,470,7.84,1100,0.308390903851635,13.43
280,640,7.76,4100,0.0759345700239202,13.6
250,540,7.76,800,0.145090365449453,13.01
100,240,7.98,3500,0.123402947213552,13.6
280,430,7.26,3300,0.00788803440822406,13.6
120,540,7.42,4100,0.680747996263705,12.66
260,590,7.22,4400,0.0456965930340816,13.7
230,220,7.58,1700,0.0475342074122672,12.9
290,450,7.6,2800,0.0212252934020133,13.9
230,340,7.74,3300,0.0362044581184311,12.6
150,400,7.2,2700,0.502128416250864,13.8
180,610,7.02,3200,0.324476485650268,12.77
110,610,7.74,2100,0.360407730608556,12.31
190,430,7.04,3100,0.969453202448215,13.81
200,420,7.28,3100,1.11667361606545,13.99
150,528,7.54,3100,0.563092944975646,12.91
180,460,7.52,4400,0.891666997083634,13.54
160,440,7.52,2700,0.943218740001321,13.53
150,440,9.048,3800,0.9080174297903,13.5
150,460,7.54,3100,0.960792999085822,13.31
150,460,7.56,2880,0.954867433470398,13.3
190,420,7.04,3100,1.06805165382298,13.93
200,430,7.04,4600,0.939563960482015,13.9
180,440,8,3800,0.912114420057669,13.7
150,460,7.56,3100,0.934736048992204,13.31
180,440,7.56,2900,0.997558483682941,13.67
180,440,7.84,3800,0.992286767589368,13.69
150,420,7.56,3100,0.844563965173285,13.67
190,440,7.56,3800,1.11136724016917,13.76
160,420,6.55384615384615,4600,0.896260498005571,13.77
160,420,7.56,3600,0.942617898662954,13.75
200,516,8,3100,0.37838241788089,13.28
190,323.076923076923,7.28,3600,0.0421500647184191,13.6
180,440,5.43076923076923,2900,0.6701671147446,13.68
150,440,7.84,3100,0.357081070955095,13.51
160,440,7.52,4400,0.870775947823181,13.58
180,420,7.06,3100,1.05430191744051,13.86
150,420,7.56,4600,0.753782174075595,13.7
160,338.461538461538,7.56,3500,0.0779962329460214,12.3
240,420,7.54,3100,0.0179839818795102,13.9
150,440,7.04,2700,0.930545579629027,13.46
160,430,8,3100,0.821268894232255,13.62
200,440,7.04,3100,0.979429792813597,13.81
192,440,7.52,3100,0.999129392254859,13.76
190,440,7.84,3900,1.02420835953072,13.75
160,440,5.8,2700,1.00292658113229,13.52
180,420,7.56,4600,1.00868470166945,13.89
160,420,7.06,2880,0.961103173192564,13.73
180,440,7.06,2900,0.995395464840398,13.67
150,440,7.28,4320,0.925687681421492,13.5
150,460,7.06,3800,0.924495326453783,13.32
180,440,7.54,4500,0.985194877412377,13.71
150,440,8,3100,0.901361040917032,13.48
180,440,7.1,3200,1.04426761095357,13.68
150,440,7.54,4400,0.893019209311582,13.51
150,440,7.56,2700,0.949339426246085,13.46
180,440,5.8,3800,1.05152260157653,13.7
190,528,7.84,2900,0.308776829168591,13.17
180,440,8,3600,0.928958088730702,13.7
200,430,7.04,3100,0.939159104429003,13.87
200,420,8,3600,0.763623266170974,13.99
160,460,8,3100,0.825064987967892,13.38
150,440,7.54,2923.07692307692,0.943564652823108,13.47
150,420,7.56,3800,0.801603430700474,13.68
200,460,8,2200,0.737964502915129,13.59
190,440,7.52,3800,0.966868894889763,13.76
150,420,7.52,3500,0.777120597947878,13.68
190,440,7.56,3500,1.05437804201427,13.75
150,440,7.56,2400,0.874209852405263,13.44
150,440,7.84,3500,0.84736862980627,13.48
190,440,7.54,3800,1.04578587476151,13.76
150,440,7.06,3100,0.94361348238656,13.48
150,440,7.06,3800,0.952073191998946,13.49
190,460,7.54,2700,0.803088641212807,13.56
150,440,7.84,3100,0.357081070955082,13.51
138.461538461538,440,7.06,3600,0.854086485183995,13.41
190,440,5.8,2700,1.03836964712071,13.73
190,440,7.52,2700,0.959929411963908,13.73
190,430,7.56,3500,0.752865894271047,13.81
200,420,8,4600,0.0506493291260689,13.9
180,420,7.84,2200,0.852741807654417,13.81
150,460,7.8,2880,0.873582608460349,13.29
180,440,7.54,4400,0.99741985024311,13.71
150,430,7.54,2700,0.687965391474322,13.51
200,440,8.448,3100,0.862132430779393,13.81
150,440,7.52,3900,0.951934542400445,13.5
190,440,7.1,3800,1.03610432630572,13.75
200,430,7.06,3100,0.523523632358722,13.91
150,460,8.448,3800,0.718942410505692,13.34
200,430,7.54,3600,0.907951184768744,13.88
150,460,8,2700,0.851526173003065,13.3
150,460,7.1,3600,0.7534542794941,13.31
228,440,7.04,3900,0.0963511346097778,13.9
260,620,7.08,1800,0.0708962226841487,13.3
250,400,7.72,1700,0.0252225613813916,13.9
290,580,7.68,2100,0.0829034933414794,13.5
130,300,7.68,800,0.131902733174083,12
280,570,7.88,3100,0.0696860131977334,13.5
100,440,7.34,3800,0.397820754141685,13.12
180,470,7.24,4300,0.510924114659699,13.5
280,210,7.7,4300,0.0131455982054441,12.7
200,530,7.02,800,0.199580740641678,12.8
270,410,7.38,1400,0.0284411649724901,13.9
270,580,7.36,4000,0.042433917893312,13.8
290,440,7.36,2300,0.0174598529449391,13.9
140,590,7.9,700,0.155949681247893,12.1
210,690,7.1,2800,0.0735303649508265,12.5
140,320,7.12,4500,0.0750089883325965,12.5
160,310,7.56,2800,0.0883714934822628,12.3
140,700,7.72,1800,0.233924402941876,12.09
100,600,8,1200,0.224589094991589,12.1
290,700,7.66,3400,0.0450927190749209,13.5
210,630,7.84,1700,0.1956300538807,12.78
270,540,7.82,2700,0.0744749889098349,13.5
230,620,7.08,3700,0.0631222486659136,13
190,570,7.1,3900,0.319410426929871,12.96
230,690,7.44,2400,0.066707356738931,13.3
140,490,7.06,3000,0.764257774799343,13.03
250,400,7.84,1100,0.0586555235256698,13.9
180,360,7.44,600,0.107872049342064,12
260,650,7.52,3600,0.0518845776961614,13.8
230,500,7.92,2800,0.204564344192604,13.6
150,220,7.4,4300,0.0525575280549561,13.3
270,390,7.92,1100,0.0370733592646353,13.9
160,290,7.34,1900,0.100698438501587,12.71
230,570,7.06,2700,0.170622551688268,13.19
130,330,7.7,1400,0.13400637589561,12.1
180,600,7.82,4500,0.24772618444393,12.91
210,580,7.46,3400,0.131836820226415,13.11
130,330,7.68,600,0.0860559823745277,12
240,530,7.44,3000,0.198930848568493,13.39
190,470,7.32,4700,0.651136570649559,13.54
180,310,7.96,1200,0.0972555753880252,12.8
200,440,7.52,3900,0.96478292549775,13.83
230.4,440,7.04,3100,0.786918024535078,13.98
190,440,7.54,3500,1.01441859073189,13.76
180,338.461538461538,7.84,4400,0.0728061964165545,12.7
190,420,7.28,4600,1.07197867995875,13.96
200,420,7.04,3100,1.0941336549317,13.99
150,460,7.84,2880,0.598643467279754,13.31
180,440,7.56,3900,1.05504065472544,13.7
138.461538461538,440,7.54,3800,0.789795616365628,13.41
190,440,7.52,4400,0.929500363968405,13.77
150,440,7.06,3900,0.901801601195693,13.49
180,338.461538461538,7.06,2700,0.0808802570250105,12.7
180,440,7.52,3200,0.93768171508759,13.69
150,440,7.1,3800,0.879327928097391,13.48
190,440,7.52,3000,0.984396092015943,13.74
190,440,5.46153846153846,3800,0.779401274078872,13.77
200,420,7.06,3100,1.10268204142172,13.99
150,440,7.04,3800,0.931190960741331,13.5
190,420,7.04,3800,1.04302266778635,13.95
190,440,7.1,4600,1.01449222413356,13.77
150,440,7.06,3900,0.901801601195649,13.49
150,440,7.52,2700,0.875531845462257,13.46
180,420,7.56,3800,1.0811489062305,13.88
180,440,7.56,4600,1.01892956773105,13.71
180,440,8.52,4600,0.893488448621534,13.71
180,420,7.56,3900,1.06525638939449,13.88
180,420,7.06,3100,1.0543019174405,13.86
160,440,7.56,2900,0.979825107401441,13.54
150,460,7.54,2880,0.955777755722792,13.3
180,420,7.06,3100,1.05430191744059,13.86
180,440,7.56,4400,1.01684899832156,13.71
190,440,7.04,2700,0.988919627636383,13.73
150,440,7.84,2700,0.88963465082925,13.45
190,440,7.06,3500,1.04596111377176,13.75
160,440,7.56,2700,0.984063829965008,13.53
180,420,9.048,4600,0.96908959521337,13.89
180,440,8,4400,0.87581101865179,13.71
190,440,7.84,3600,0.957082204337017,13.75
180,440,7.84,3100,0.992779908807713,13.67
190,440,7.06,3900,1.07772750253158,13.76
192,420,7.04,3100,1.08879333374634,13.94
200,420,5.8,4600,0.0795728967687029,13.9
190,440,7.84,3100,1.03037140032619,13.73
190,420,7.56,3900,1.06116151255108,13.94
180,440,9.048,2700,0.964201556421185,13.66
160,440,5.8,2700,1.00292658113234,13.52
190,440,7.06,3100,1.06043939799404,13.74
190,430,7.04,3900,0.382754790440342,13.88
190,440,7.56,3100,1.06123108816407,13.74
180,420,9.048,4400,0.942337782538478,13.89
180,440,7.06,3900,1.0546534973779,13.7
190,440,5.8,3800,1.1704269026808,13.76
150,440,7.04,3600,0.974446140901108,13.49
160,460,7.54,3600,0.919773467768503,13.39
180,440,7.04,3100,0.989946476509618,13.68
240,440,7.06,4400,0.0467932873658088,13.9
160,420,7.06,3100,0.966851630606623,13.73
180,420,7.06,3100,1.05430191744055,13.86
180,460,7.04,3600,0.875569938731855,13.53
115.384615384615,440,7.1,3200,0.632959862347287,13.22
160,430,7.06,3100,0.676390585449855,13.61
190,440,7.04,3100,0.992811593045271,13.74
150,440,7.56,3500,0.964993086259242,13.49
190,440,7.56,3500,1.05437804201438,13.75
200,420,7.84,4600,0.0480377562569128,13.9
180,420,7.28,3100,1.09071382161026,13.86
200,440,8,2700,0.938575260407501,13.79
190,440,7.52,3600,1.02450673102331,13.76
138.461538461538,420,7.84,3900,0.680516680808305,13.59
190,440,7.52,3100,0.964802925785437,13.75
192,420,7.52,3720,1.07246349262737,13.96
200,440,7.28,3100,1.05261212046756,13.8
200,440,7.52,3100,0.962712921213579,13.81
192,440,7.04,3100,1.02305231232365,13.76
180,440,7.52,3800,0.969235264006469,13.7
190,440,7.1,4400,0.989370099611362,13.76
200,440,7.04,3600,1.0535873056847,13.82
150,460,7.04,3100,0.955928886608362,13.31
180,440,7.06,2880,0.997852337919328,13.67
180,420,7.84,3900,0.979576883426189,13.88
130,420,7.24,1600,0.416282567951312,13.44
200,210,7.06,2900,0.0336999101080947,13.1
200,570,7.78,3700,0.286032632319785,13.05
230,370,7.86,3700,0.0283728465513198,12.3
110,280,7.46,2900,0.137973639317808,13.1
210,580,7.64,1200,0.208223642891304,12.79
230,210,7.92,2700,0.0315696320759907,13.6
190,700,7.14,2200,0.148479786060316,12.53
300,340,7.08,3600,0.00690041691652442,12.3
120,250,7.78,2400,0.11270264190609,13.47
180,380,7.96,2400,0.0553630736988946,12
170,440,7.96,3300,0.804053785952934,13.62
100,520,7.86,4100,0.397514218233883,12.61
300,380,7.12,4100,0.0208884312132205,12.1
170,700,7.48,2200,0.169537506725435,12.47
100,330,7,2000,0.125281787286734,12
220,650,7.3,3100,0.10750011911127,12.7
240,350,7.4,1200,0.034808367948559,12.5
240,690,7.04,1800,0.0883390254092938,13.4
260,430,7.24,3600,0.0113827653324806,13.9
160,270,7.12,800,0.12698449848139,12
190,360,7.92,1700,0.0617925625002239,12.4
120,590,7.54,4300,0.307158065792233,12.54
150,470,7.36,2200,0.770489611107002,13.2
160,250,7.34,4200,0.0655272920934134,13.8
120,420,7.16,900,0.130009106224213,13.2
270,340,7.2,1500,0.0192091841337688,12.6
200,300,7.74,2200,0.0567855036996907,12.9
190,550,7.76,4300,0.255797559411157,13.18
130,530,7.98,2600,0.623844291976371,12.7
180,700,7.28,4800,0.0855941640656313,12.6
160,570,7.98,1900,0.382430254175033,12.76
300,210,7.32,500,0.0723520390916364,12.4
130,300,7.4,3000,0.144706314961173,13.09
300,520,7.7,600,0.107085045712437,13.12
280,430,7.56,1400,0.0476602074341131,13.9
100,510,7.4,4300,0.543430294211541,12.67
200,380,7.22,3900,0.0433950284793976,12.2
150,530,7.14,3600,0.74570171029837,12.88
120,230,7.62,4400,0.092488457770621,12.9
0,0,0,0,0,0
0,0,0,0,0,0
0,0,0,0,0,0
0,0,0,0,0,0
0,0,0,0,0,0
0,0,0,0,0,0
0,0,0,0,0,0
0,0,0,0,0,0
0,0,0,0,0,0
0,0,0,0,0,0
0,0,0,0,0,0
0,0,0,0,0,0
0,0,0,0,0,0
0,0,0,0,0,0
0,0,0,0,0,0
0,0,0,0,0,0
0,0,0,0,0,0
0,0,0,0,0,0
0,0,0,0,0,0
0,0,0,0,0,0
0,0,0,0,0,0
0,0,0,0,0,0
0,0,0,0,0,0
0,0,0,0,0,0
0,0,0,0,0,0
0,0,0,0,0,0
0,0,0,0,0,0
0,0,0,0,0,0
0,0,0,0,0,0
0,0,0,0,0,0
0,0,0,0,0,0
0,0,0,0,0,0
0,0,0,0,0,0
0,0,0,0,0,0
0,0,0,0,0,0
0,0,0,0,0,0
0,0,0,0,0,0
0,0,0,0,0,0
0,0,0,0,0,0
0,0,0,0,0,0
0,0,0,0,0,0
0,0,0,0,0,0
0,0,0,0,0,0
0,0,0,0,0,0
0,0,0,0,0,0
0,0,0,0,0,0
0,0,0,0,0,0
0,0,0,0,0,0
0,0,0,0,0,0
0,0,0,0,0,0
0,0,0,0,0,0
0,0,0,0,0,0
0,0,0,0,0,0
0,0,0,0,0,0
0,0,0,0,0,0
0,0,0,0,0,0
0,0,0,0,0,0
0,0,0,0,0,0
0,0,0,0,0,0
0,0,0,0,0,0
0,0,0,0,0,0
0,0,0,0,0,0
0,0,0,0,0,0
0,0,0,0,0,0
0,0,0,0,0,0
0,0,0,0,0,0
0,0,0,0,0,0
0,0,0,0,0,0
0,0,0,0,0,0
0,0,0,0,0,0
0,0,0,0,0,0
0,0,0,0,0,0
0,0,0,0,0,0
0,0,0,0,0,0
0,0,0,0,0,0
0,0,0,0,0,0
0,0,0,0,0,0
0,0,0,0,0,0
0,0,0,0,0,0
0,0,0,0,0,0
0,0,0,0,0,0
0,0,0,0,0,0
0,0,0,0,0,0
0,0,0,0,0,0
0,0,0,0,0,0
0,0,0,0,0,0
0,0,0,0,0,0
0,0,0,0,0,0
0,0,0,0,0,0
0,0,0,0,0,0
0,0,0,0,0,0
0,0,0,0,0,0
0,0,0,0,0,0
0,0,0,0,0,0
0,0,0,0,0,0
0,0,0,0,0,0
0,0,0,0,0,0
0,0,0,0,0,0
0,0,0,0,0,0
0,0,0,0,0,0
0,0,0,0,0,0
0,0,0,0,0,0
0,0,0,0,0,0
0,0,0,0,0,0
0,0,0,0,0,0
0,0,0,0,0,0
0,0,0,0,0,0
0,0,0,0,0,0
0,0,0,0,0,0
0,0,0,0,0,0
0,0,0,0,0,0
0,0,0,0,0,0
0,0,0,0,0,0
0,0,0,0,0,0
0,0,0,0,0,0
0,0,0,0,0,0
0,0,0,0,0,0
0,0,0,0,0,0
0,0,0,0,0,0
0,0,0,0,0,0
0,0,0,0,0,0
0,0,0,0,0,0
0,0,0,0,0,0
0,0,0,0,0,0
0,0,0,0,0,0
0,0,0,0,0,0
0,0,0,0,0,0
0,0,0,0,0,0
0,0,0,0,0,0
0,0,0,0,0,0
0,0,0,0,0,0
0,0,0,0,0,0
0,0,0,0,0,0
0,0,0,0,0,0
0,0,0,0,0,0
0,0,0,0,0,0
0,0,0,0,0,0
0,0,0,0,0,0
0,0,0,0,0,0
0,0,0,0,0,0
0,0,0,0,0,0
0,0,0,0,0,0
0,0,0,0,0,0
0,0,0,0,0,0
0,0,0,0,0,0
0,0,0,0,0,0
0,0,0,0,0,0
0,0,0,0,0,0
0,0,0,0,0,0
0,0,0,0,0,0
0,0,0,0,0,0
0,0,0,0,0,0
0,0,0,0,0,0
0,0,0,0,0,0
0,0,0,0,0,0
0,0,0,0,0,0
0,0,0,0,0,0
0,0,0,0,0,0
0,0,0,0,0,0
0,0,0,0,0,0
0,0,0,0,0,0
0,0,0,0,0,0
0,0,0,0,0,0
0,0,0,0,0,0
0,0,0,0,0,0
0,0,0,0,0,0
0,0,0,0,0,0
0,0,0,0,0,0
0,0,0,0,0,0
0,0,0,0,0,0
0,0,0,0,0,0
0,0,0,0,0,0
0,0,0,0,0,0
0,0,0,0,0,0
0,0,0,0,0,0
0,0,0,0,0,0
0,0,0,0,0,0
0,0,0,0,0,0
0,0,0,0,0,0
0,0,0,0,0,0
0,0,0,0,0,0
0,0,0,0,0,0
0,0,0,0,0,0
0,0,0,0,0,0
0,0,0,0,0,0
0,0,0,0,0,0
0,0,0,0,0,0
0,0,0,0,0,0
0,0,0,0,0,0
0,0,0,0,0,0
0,0,0,0,0,0
0,0,0,0,0,0
0,0,0,0,0,0
0,0,0,0,0,0
0,0,0,0,0,0
0,0,0,0,0,0
0,0,0,0,0,0
0,0,0,0,0,0
0,0,0,0,0,0
0,0,0,0,0,0
0,0,0,0,0,0
0,0,0,0,0,0
0,0,0,0,0,0
0,0,0,0,0,0
0,0,0,0,0,0
0,0,0,0,0,0
0,0,0,0,0,0
0,0,0,0,0,0
0,0,0,0,0,0
0,0,0,0,0,0
0,0,0,0,0,0
0,0,0,0,0,0
0,0,0,0,0,0
0,0,0,0,0,0
0,0,0,0,0,0
0,0,0,0,0,0
0,0,0,0,0,0
0,0,0,0,0,0
0,0,0,0,0,0
0,0,0,0,0,0
0,0,0,0,0,0
0,0,0,0,0,0
0,0,0,0,0,0
0,0,0,0,0,0
0,0,0,0,0,0
0,0,0,0,0,0
0,0,0,0,0,0
0,0,0,0,0,0
0,0,0,0,0,0
0,0,0,0,0,0
0,0,0,0,0,0
0,0,0,0,0,0
0,0,0,0,0,0
0,0,0,0,0,0
0,0,0,0,0,0
0,0,0,0,0,0
0,0,0,0,0,0
0,0,0,0,0,0
0,0,0,0,0,0
0,0,0,0,0,0
0,0,0,0,0,0
0,0,0,0,0,0
0,0,0,0,0,0
0,0,0,0,0,0
0,0,0,0,0,0
0,0,0,0,0,0
0,0,0,0,0,0
0,0,0,0,0,0
0,0,0,0,0,0
0,0,0,0,0,0
0,0,0,0,0,0
0,0,0,0,0,0
0,0,0,0,0,0
0,0,0,0,0,0
0,0,0,0,0,0
0,0,0,0,0,0
0,0,0,0,0,0
0,0,0,0,0,0
0,0,0,0,0,0
0,0,0,0,0,0
0,0,0,0,0,0
0,0,0,0,0,0
0,0,0,0,0,0
0,0,0,0,0,0
0,0,0,0,0,0
0,0,0,0,0,0
0,0,0,0,0,0
0,0,0,0,0,0
0,0,0,0,0,0
0,0,0,0,0,0
0,0,0,0,0,0
0,0,0,0,0,0
0,0,0,0,0,0
0,0,0,0,0,0
0,0,0,0,0,0
0,0,0,0,0,0
0,0,0,0,0,0
0,0,0,0,0,0
0,0,0,0,0,0
0,0,0,0,0,0
0,0,0,0,0,0
0,0,0,0,0,0
0,0,0,0,0,0
0,0,0,0,0,0
0,0,0,0,0,0
0,0,0,0,0,0
0,0,0,0,0,0
0,0,0,0,0,0
0,0,0,0,0,0
0,0,0,0,0,0
0,0,0,0,0,0
0,0,0,0,0,0
0,0,0,0,0,0
0,0,0,0,0,0
0,0,0,0,0,0
0,0,0,0,0,0
0,0,0,0,0,0
0,0,0,0,0,0
0,0,0,0,0,0
0,0,0,0,0,0
0,0,0,0,0,0
0,0,0,0,0,0
0,0,0,0,0,0
0,0,0,0,0,0
0,0,0,0,0,0
0,0,0,0,0,0
0,0,0,0,0,0
0,0,0,0,0,0
0,0,0,0,0,0
0,0,0,0,0,0
0,0,0,0,0,0
0,0,0,0,0,0
0,0,0,0,0,0
0,0,0,0,0,0
0,0,0,0,0,0
0,0,0,0,0,0
0,0,0,0,0,0
0,0,0,0,0,0
0,0,0,0,0,0
0,0,0,0,0,0
0,0,0,0,0,0
0,0,0,0,0,0
0,0,0,0,0,0
0,0,0,0,0,0
0,0,0,0,0,0
0,0,0,0,0,0
0,0,0,0,0,0
0,0,0,0,0,0
0,0,0,0,0,0
0,0,0,0,0,0
0,0,0,0,0,0
0,0,0,0,0,0
0,0,0,0,0,0
0,0,0,0,0,0
0,0,0,0,0,0
0,0,0,0,0,0
0,0,0,0,0,0
0,0,0,0,0,0
0,0,0,0,0,0
0,0,0,0,0,0
0,0,0,0,0,0
0,0,0,0,0,0
0,0,0,0,0,0
0,0,0,0,0,0
0,0,0,0,0,0
0,0,0,0,0,0
0,0,0,0,0,0
0,0,0,0,0,0
0,0,0,0,0,0
0,0,0,0,0,0
0,0,0,0,0,0
0,0,0,0,0,0
0,0,0,0,0,0
0,0,0,0,0,0
0,0,0,0,0,0
0,0,0,0,0,0
0,0,0,0,0,0
0,0,0,0,0,0
0,0,0,0,0,0
0,0,0,0,0,0
0,0,0,0,0,0
0,0,0,0,0,0
0,0,0,0,0,0
0,0,0,0,0,0
0,0,0,0,0,0
0,0,0,0,0,0
0,0,0,0,0,0
0,0,0,0,0,0
0,0,0,0,0,0
0,0,0,0,0,0
0,0,0,0,0,0
0,0,0,0,0,0
0,0,0,0,0,0
0,0,0,0,0,0
0,0,0,0,0,0
0,0,0,0,0,0
0,0,0,0,0,0
0,0,0,0,0,0
0,0,0,0,0,0
0,0,0,0,0,0
0,0,0,0,0,0
0,0,0,0,0,0
0,0,0,0,0,0
0,0,0,0,0,0
0,0,0,0,0,0
0,0,0,0,0,0
0,0,0,0,0,0
0,0,0,0,0,0
0,0,0,0,0,0
0,0,0,0,0,0
0,0,0,0,0,0
0,0,0,0,0,0
0,0,0,0,0,0
0,0,0,0,0,0
0,0,0,0,0,0
0,0,0,0,0,0
0,0,0,0,0,0
0,0,0,0,0,0
0,0,0,0,0,0
0,0,0,0,0,0
0,0,0,0,0,0
0,0,0,0,0,0
0,0,0,0,0,0
0,0,0,0,0,0
0,0,0,0,0,0
0,0,0,0,0,0
0,0,0,0,0,0
0,0,0,0,0,0
0,0,0,0,0,0
0,0,0,0,0,0
0,0,0,0,0,0
0,0,0,0,0,0
0,0,0,0,0,0
0,0,0,0,0,0
0,0,0,0,0,0
0,0,0,0,0,0
0,0,0,0,0,0
0,0,0,0,0,0
0,0,0,0,0,0
0,0,0,0,0,0
0,0,0,0,0,0
0,0,0,0,0,0
0,0,0,0,0,0
0,0,0,0,0,0
0,0,0,0,0,0
0,0,0,0,0,0
0,0,0,0,0,0
0,0,0,0,0,0
0,0,0,0,0,0
0,0,0,0,0,0
0,0,0,0,0,0
0,0,0,0,0,0
0,0,0,0,0,0
0,0,0,0,0,0
0,0,0,0,0,0
0,0,0,0,0,0
0,0,0,0,0,0
0,0,0,0,0,0
0,0,0,0,0,0
0,0,0,0,0,0
0,0,0,0,0,0
0,0,0,0,0,0
0,0,0,0,0,0
0,0,0,0,0,0
0,0,0,0,0,0
0,0,0,0,0,0
0,0,0,0,0,0
0,0,0,0,0,0
0,0,0,0,0,0
0,0,0,0,0,0
0,0,0,0,0,0
0,0,0,0,0,0
0,0,0,0,0,0
0,0,0,0,0,0
0,0,0,0,0,0
0,0,0,0,0,0
0,0,0,0,0,0
0,0,0,0,0,0
0,0,0,0,0,0
0,0,0,0,0,0
0,0,0,0,0,0
0,0,0,0,0,0
0,0,0,0,0,0
0,0,0,0,0,0
0,0,0,0,0,0
0,0,0,0,0,0
0,0,0,0,0,0
0,0,0,0,0,0
0,0,0,0,0,0
0,0,0,0,0,0
0,0,0,0,0,0
0,0,0,0,0,0
0,0,0,0,0,0
0,0,0,0,0,0
0,0,0,0,0,0
0,0,0,0,0,0
0,0,0,0,0,0
0,0,0,0,0,0
0,0,0,0,0,0
0,0,0,0,0,0
0,0,0,0,0,0
0,0,0,0,0,0
0,0,0,0,0,0
0,0,0,0,0,0
0,0,0,0,0,0
0,0,0,0,0,0
0,0,0,0,0,0
0,0,0,0,0,0
0,0,0,0,0,0
0,0,0,0,0,0
0,0,0,0,0,0
0,0,0,0,0,0
0,0,0,0,0,0
0,0,0,0,0,0
0,0,0,0,0,0
0,0,0,0,0,0
0,0,0,0,0,0
0,0,0,0,0,0
0,0,0,0,0,0
0,0,0,0,0,0
0,0,0,0,0,0
0,0,0,0,0,0
0,0,0,0,0,0
0,0,0,0,0,0
0,0,0,0,0,0
0,0,0,0,0,0
0,0,0,0,0,0
0,0,0,0,0,0
0,0,0,0,0,0
0,0,0,0,0,0
0,0,0,0,0,0
0,0,0,0,0,0
0,0,0,0,0,0
0,0,0,0,0,0
0,0,0,0,0,0
0,0,0,0,0,0
0,0,0,0,0,0
0,0,0,0,0,0
0,0,0,0,0,0
0,0,0,0,0,0
0,0,0,0,0,0
0,0,0,0,0,0
0,0,0,0,0,0
0,0,0,0,0,0
0,0,0,0,0,0
0,0,0,0,0,0
0,0,0,0,0,0
0,0,0,0,0,0
0,0,0,0,0,0
0,0,0,0,0,0
0,0,0,0,0,0
0,0,0,0,0,0
0,0,0,0,0,0
0,0,0,0,0,0
0,0,0,0,0,0
0,0,0,0,0,0
0,0,0,0,0,0
0,0,0,0,0,0
0,0,0,0,0,0
0,0,0,0,0,0
0,0,0,0,0,0
0,0,0,0,0,0
0,0,0,0,0,0
0,0,0,0,0,0
0,0,0,0,0,0
0,0,0,0,0,0
0,0,0,0,0,0
0,0,0,0,0,0
0,0,0,0,0,0
0,0,0,0,0,0
0,0,0,0,0,0
0,0,0,0,0,0
0,0,0,0,0,0
0,0,0,0,0,0
0,0,0,0,0,0
0,0,0,0,0,0
0,0,0,0,0,0
0,0,0,0,0,0
0,0,0,0,0,0
0,0,0,0,0,0
0,0,0,0,0,0
0,0,0,0,0,0
0,0,0,0,0,0
0,0,0,0,0,0
0,0,0,0,0,0
0,0,0,0,0,0
0,0,0,0,0,0
0,0,0,0,0,0
0,0,0,0,0,0
0,0,0,0,0,0
0,0,0,0,0,0
0,0,0,0,0,0
0,0,0,0,0,0
0,0,0,0,0,0
0,0,0,0,0,0
0,0,0,0,0,0
0,0,0,0,0,0
0,0,0,0,0,0
0,0,0,0,0,0
0,0,0,0,0,0
